sender,receiver,not expressly
10 U.S. 281,8 U.S. 241,0
28 U.S. 33,3 U.S. 401,1
31 U.S. 291,14 U.S. 476,1
31 U.S. 291,27 U.S. 241,1
43 U.S. 497,39 U.S. 60,1
43 U.S. 497,7 U.S. 267,1
43 U.S. 497,9 U.S. 61,1
53 U.S. 443,23 U.S. 428,0
53 U.S. 443,36 U.S. 175,0
61 U.S. 372,44 U.S. 650,0
65 U.S. 427,49 U.S. 495,1
65 U.S. 427,49 U.S. 565,1
65 U.S. 427,49 U.S. 566,1
73 U.S. 231,10 U.S. 253,0
74 U.S. 624,62 U.S. 244,1
79 U.S. 457,75 U.S. 603,1
79 U.S. 687,68 U.S. 512,1
85 U.S. 648,67 U.S. 499,0
85 U.S. 648,68 U.S. 73,0
85 U.S. 648,78 U.S. 610,0
89 U.S. 444,83 U.S. 603,0
95 U.S. 360,92 U.S. 569,0
100 U.S. 47,92 U.S. 625,0
102 U.S. 707,86 U.S. 287,0
103 U.S. 168,19 U.S. 204,1
107 U.S. 320,72 U.S. 113,0
107 U.S. 378,57 U.S. 135,0
113 U.S. 476,74 U.S. 700,0
118 U.S. 557,94 U.S. 164,1
122 U.S. 326,82 U.S. 284,1
123 U.S. 443,22 U.S. 738,1
127 U.S. 640,83 U.S. 479,0
135 U.S. 100,46 U.S. 504,0
144 U.S. 173,10 U.S. 654,0
144 U.S. 173,71 U.S. 270,0
153 U.S. 367,104 U.S. 291,0
158 U.S. 601,3 U.S. 171,1
232 U.S. 642,162 U.S. 625,0
241 U.S. 591,197 U.S. 488,0
245 U.S. 6,173 U.S. 684,1
245 U.S. 467,53 U.S. 361,0
246 U.S. 8,224 U.S. 1,0
257 U.S. 529,94 U.S. 535,0
257 U.S. 529,202 U.S. 246,0
260 U.S. 653,203 U.S. 449,0
260 U.S. 653,209 U.S. 490,0
268 U.S. 203,231 U.S. 68,0
276 U.S. 429,275 U.S. 507,1
278 U.S. 349,130 U.S. 416,0
280 U.S. 204,188 U.S. 189,0
283 U.S. 465,252 U.S. 23,0
284 U.S. 296,253 U.S. 77,0
284 U.S. 296,253 U.S. 86,0
286 U.S. 123,277 U.S. 142,1
290 U.S. 601,279 U.S. 620,1
290 U.S. 371,38 U.S. 209,0
290 U.S. 371,219 U.S. 79,0
290 U.S. 371,144 U.S. 263,0
290 U.S. 371,254 U.S. 189,0
300 U.S. 379,261 U.S. 525,0
300 U.S. 379,298 U.S. 587,0
302 U.S. 388,301 U.S. 669,1
303 U.S. 376,257 U.S. 501,0
303 U.S. 376,285 U.S. 393,0
304 U.S. 64,41 U.S. 1,0
306 U.S. 466,41 U.S. 435,0
306 U.S. 466,78 U.S. 113,0
306 U.S. 466,299 U.S. 401,0
306 U.S. 466,300 U.S. 352,0
307 U.S. 125,225 U.S. 282,1
307 U.S. 277,253 U.S. 245,0
307 U.S. 277,268 U.S. 501,0
309 U.S. 83,296 U.S. 404,0
309 U.S. 106,296 U.S. 39,0
309 U.S. 106,296 U.S. 48,0
310 U.S. 141,184 U.S. 540,1
312 U.S. 100,247 U.S. 251,0
312 U.S. 100,298 U.S. 238,0
312 U.S. 592,188 U.S. 445,0
312 U.S. 592,250 U.S. 633,0
313 U.S. 33,247 U.S. 402,0
313 U.S. 109,273 U.S. 34,0
313 U.S. 299,256 U.S. 232,1
313 U.S. 236,277 U.S. 350,0
314 U.S. 1,277 U.S. 218,0
314 U.S. 1,298 U.S. 393,0
314 U.S. 118,255 U.S. 356,1
314 U.S. 160,36 U.S. 102,1
316 U.S. 174,284 U.S. 312,0
317 U.S. 287,201 U.S. 562,0
371 U.S. 575,280 U.S. 320,0
319 U.S. 103,316 U.S. 584,0
319 U.S. 598,270 U.S. 555,1
319 U.S. 624,310 U.S. 586,0
320 U.S. 591,280 U.S. 234,1
320 U.S. 661,213 U.S. 325,1
321 U.S. 96,277 U.S. 151,1
321 U.S. 649,295 U.S. 45,0
322 U.S. 533,75 U.S. 168,1
328 U.S. 61,279 U.S. 644,0
328 U.S. 61,283 U.S. 605,0
328 U.S. 61,283 U.S. 636,0
329 U.S. 1,326 U.S. 696,1
329 U.S. 402,327 U.S. 758,1
330 U.S. 183,225 U.S. 489,0
330 U.S. 800,328 U.S. 624,1
332 U.S. 828,332 U.S. 751,1
334 U.S. 343,188 U.S. 14,1
335 U.S. 525,208 U.S. 161,1
335 U.S. 525,236 U.S. 1,1
335 U.S. 632,281 U.S. 238,0
336 U.S. 169,78 U.S. 423,1
336 U.S. 169,198 U.S. 299,1
336 U.S. 169,202 U.S. 409,1
336 U.S. 342,235 U.S. 292,0
336 U.S. 342,240 U.S. 522,0
336 U.S. 342,247 U.S. 503,0
336 U.S. 342,248 U.S. 549,0
336 U.S. 342,296 U.S. 521,0
337 U.S. 783,328 U.S. 707,0
339 U.S. 56,334 U.S. 699,0
339 U.S. 56,335 U.S. 451,0
343 U.S. 495,236 U.S. 230,0
347 U.S. 483,175 U.S. 528,0
347 U.S. 483,275 U.S. 78,0
348 U.S. 1,345 U.S. 286,1
352 U.S. 903,163 U.S. 537,1
354 U.S. 1,351 U.S. 470,0
354 U.S. 1,351 U.S. 487,0
354 U.S. 416,226 U.S. 551,0
358 U.S. 169,355 U.S. 282,0
362 U.S. 17,92 U.S. 214,0
364 U.S. 206,232 U.S. 383,0
364 U.S. 206,267 U.S. 575,0
364 U.S. 206,273 U.S. 28,0
364 U.S. 206,322 U.S. 487,0
366 U.S. 213,327 U.S. 404,0
367 U.S. 643,338 U.S. 25,0
367 U.S. 643,347 U.S. 128,0
369 U.S. 186,328 U.S. 549,0
376 U.S. 1,330 U.S. 804,0
371 U.S. 195,348 U.S. 437,0
371 U.S. 542,344 U.S. 178,0
372 U.S. 335,316 U.S. 455,0
372 U.S. 368,329 U.S. 675,0
372 U.S. 368,339 U.S. 276,0
372 U.S. 368,342 U.S. 936,0
372 U.S. 368,357 U.S. 916,0
372 U.S. 391,339 U.S. 200,0
372 U.S. 726,244 U.S. 590,0
377 U.S. 163,239 U.S. 299,1
378 U.S. 1,211 U.S. 78,0
378 U.S. 1,332 U.S. 46,0
378 U.S. 52,199 U.S. 372,0
378 U.S. 52,284 U.S. 141,0
378 U.S. 52,322 U.S. 487,0
378 U.S. 52,357 U.S. 371,0
378 U.S. 52,360 U.S. 230,0
378 U.S. 368,346 U.S. 156,0
378 U.S. 478,357 U.S. 433,1
378 U.S. 478,357 U.S. 504,1
380 U.S. 400,194 U.S. 258,0
380 U.S. 520,273 U.S. 418,1
382 U.S. 111,369 U.S. 153,0
382 U.S. 162,359 U.S. 41,0
383 U.S. 663,302 U.S. 277,0
383 U.S. 663,341 U.S. 937,0
385 U.S. 511,366 U.S. 117,0
385 U.S. 589,342 U.S. 485,1
387 U.S. 253,356 U.S. 44,0
387 U.S. 294,255 U.S. 298,0
387 U.S. 523,359 U.S. 360,0
388 U.S. 41,277 U.S. 438,1
389 U.S. 347,277 U.S. 438,0
389 U.S. 347,316 U.S. 129,0
391 U.S. 54,293 U.S. 131,0
391 U.S. 123,352 U.S. 232,0
391 U.S. 145,176 U.S. 581,1
391 U.S. 234,362 U.S. 574,0
392 U.S. 378,344 U.S. 199,0
392 U.S. 409,203 U.S. 1,0
394 U.S. 814,335 U.S. 281,0
395 U.S. 444,274 U.S. 357,0
395 U.S. 752,331 U.S. 145,0
395 U.S. 752,339 U.S. 56,0
395 U.S. 784,302 U.S. 319,0
397 U.S. 436,356 U.S. 464,1
398 U.S. 235,370 U.S. 195,0
398 U.S. 323,217 U.S. 284,0
398 U.S. 375,119 U.S. 199,0
399 U.S. 78,170 U.S. 343,0
399 U.S. 78,197 U.S. 516,0
402 U.S. 313,297 U.S. 638,0
402 U.S. 637,369 U.S. 153,0
402 U.S. 637,314 U.S. 33,0
403 U.S. 88,341 U.S. 651,0
405 U.S. 330,193 U.S. 621,0
406 U.S. 320,312 U.S. 630,0
410 U.S. 356,277 U.S. 389,0
410 U.S. 484,335 U.S. 188,0
413 U.S. 15,383 U.S. 413,0
414 U.S. 156,278 U.S. 105,0
415 U.S. 651,394 U.S. 618,0
415 U.S. 651,407 U.S. 918,0
415 U.S. 651,409 U.S. 809,0
415 U.S. 651,397 U.S. 49,0
416 U.S. 600,407 U.S. 67,0
419 U.S. 522,368 U.S. 57,0
421 U.S. 397,58 U.S. 170,0
423 U.S. 276,80 U.S. 29,0
423 U.S. 325,401 U.S. 481,0
424 U.S. 507,391 U.S. 308,0
425 U.S. 748,316 U.S. 52,0
426 U.S. 833,392 U.S. 183,0
427 U.S. 132,336 U.S. 245,0
427 U.S. 297,354 U.S. 457,0
428 U.S. 153,402 U.S. 183,0
429 U.S. 190,335 U.S. 464,0
429 U.S. 363,414 U.S. 313,0
430 U.S. 274,340 U.S. 602,0
433 U.S. 36,388 U.S. 365,0
433 U.S. 186,95 U.S. 714,0
435 U.S. 734,302 U.S. 90,0
435 U.S. 734,330 U.S. 422,0
436 U.S. 658,365 U.S. 167,0
436 U.S. 658,412 U.S. 507,0
436 U.S. 658,411 U.S. 694,0
436 U.S. 658,427 U.S. 1,0
437 U.S. 1,338 U.S. 552,0
437 U.S. 1,348 U.S. 373,0
437 U.S. 1,354 U.S. 298,0
437 U.S. 1,361 U.S. 416,0
437 U.S. 82,420 U.S. 358,0
439 U.S. 357,368 U.S. 57,1
441 U.S. 322,161 U.S. 519,1
445 U.S. 40,358 U.S. 74,1
448 U.S. 83,362 U.S. 257,0
453 U.S. 609,260 U.S. 245,1
456 U.S. 798,453 U.S. 420,0
458 U.S. 941,209 U.S. 349,0
462 U.S. 213,378 U.S. 108,0
462 U.S. 213,393 U.S. 410,0
465 U.S. 89,120 U.S. 390,1
465 U.S. 89,213 U.S. 175,1
465 U.S. 89,223 U.S. 280,1
465 U.S. 89,244 U.S. 499,1
465 U.S. 89,245 U.S. 541,1
465 U.S. 354,116 U.S. 436,0
466 U.S. 353,324 U.S. 652,0
467 U.S. 752,332 U.S. 218,1
467 U.S. 752,340 U.S. 211,1
469 U.S. 528,426 U.S. 833,0
471 U.S. 130,121 U.S. 1,0
474 U.S. 327,451 U.S. 527,0
474 U.S. 438,164 U.S. 76,1
476 U.S. 79,380 U.S. 202,0
483 U.S. 219,65 U.S. 66,0
483 U.S. 435,395 U.S. 258,0
483 U.S. 468,377 U.S. 184,0
485 U.S. 271,293 U.S. 379,0
485 U.S. 271,317 U.S. 188,0
485 U.S. 505,157 U.S. 429,0
490 U.S. 401,416 U.S. 396,0
490 U.S. 477,346 U.S. 427,0
490 U.S. 794,395 U.S. 711,0
491 U.S. 324,384 U.S. 35,0
493 U.S. 400,213 U.S. 347,1
497 U.S. 37,107 U.S. 221,0
497 U.S. 37,170 U.S. 343,0
499 U.S. 279,386 U.S. 18,1
500 U.S. 565,442 U.S. 743,0
500 U.S. 603,58 U.S. 476,0
501 U.S. 722,372 U.S. 391,1
501 U.S. 808,482 U.S. 496,0
501 U.S. 808,490 U.S. 805,0
504 U.S. 1,372 U.S. 293,0
504 U.S. 298,386 U.S. 753,0
505 U.S. 833,462 U.S. 416,0
505 U.S. 833,476 U.S. 747,0
509 U.S. 688,495 U.S. 508,0
511 U.S. 738,446 U.S. 222,0
514 U.S. 695,348 U.S. 503,0
515 U.S. 200,497 U.S. 547,0
515 U.S. 200,448 U.S. 448,0
515 U.S. 506,279 U.S. 263,0
516 U.S. 325,226 U.S. 390,0
517 U.S. 44,491 U.S. 1,0
517 U.S. 484,409 U.S. 109,0
517 U.S. 484,452 U.S. 714,0
517 U.S. 484,479 U.S. 92,0
521 U.S. 203,473 U.S. 402,0
521 U.S. 203,473 U.S. 373,0
522 U.S. 3,390 U.S. 145,0
522 U.S. 93,490 U.S. 435,0
524 U.S. 236,324 U.S. 42,0
526 U.S. 172,163 U.S. 504,0
527 U.S. 666,377 U.S. 184,0
530 U.S. 793,421 U.S. 349,0
530 U.S. 793,433 U.S. 229,0
532 U.S. 557,253 U.S. 245,0
535 U.S. 613,323 U.S. 459,0
536 U.S. 304,492 U.S. 302,0
536 U.S. 584,497 U.S. 639,0
539 U.S. 558,478 U.S. 186,0
541 U.S. 36,448 U.S. 56,0
543 U.S. 551,492 U.S. 361,0
546 U.S. 356,492 U.S. 96,1
555 U.S. 223,533 U.S. 194,0
556 U.S. 778,475 U.S. 625,0
558 U.S. 310,494 U.S. 652,0
558 U.S. 310,540 U.S. 93,0
561 U.S. 742,92 U.S. 542,0
561 U.S. 742,116 U.S. 252,0
561 U.S. 742,153 U.S. 535,0
